<project>
<actions/>
<description/>
<keepDependencies>false</keepDependencies>
<properties/>
<scm class="hudson.plugins.git.GitSCM" plugin="git@2.5.3">
<configVersion>2</configVersion>
<userRemoteConfigs>
<hudson.plugins.git.UserRemoteConfig>
<url>
ssh://git@itec-stash.fmr.com/pr101784/ap109514-wi-qa-sps.git
</url>
<credentialsId>11cade31-85db-4125-8058-f21d7c2a309b</credentialsId>
</hudson.plugins.git.UserRemoteConfig>
</userRemoteConfigs>
<branches>
<hudson.plugins.git.BranchSpec>
<name>*/feature/DEVOPS</name>
</hudson.plugins.git.BranchSpec>
</branches>
<doGenerateSubmoduleConfigurations>false</doGenerateSubmoduleConfigurations>
<gitTool>jgit</gitTool>
<submoduleCfg class="list"/>
<extensions/>
</scm>
<assignedNode>QA</assignedNode>
<canRoam>false</canRoam>
<disabled>false</disabled>
<blockBuildWhenDownstreamBuilding>false</blockBuildWhenDownstreamBuilding>
<blockBuildWhenUpstreamBuilding>false</blockBuildWhenUpstreamBuilding>
<jdk>(System)</jdk>
<triggers/>
<concurrentBuild>false</concurrentBuild>
<builders>
<hudson.tasks.BatchFile>
<command/>
</hudson.tasks.BatchFile>
<hudson.tasks.Shell>
<command/>
</hudson.tasks.Shell>
</builders>
<publishers/>
<buildWrappers/>
</project>