{
  "swagger" : "2.0",
  "info" : {
    "description" : "ALM Service API",
    "version" : "V1.0.0",
    "title" : "Provides ALM as a service through a series of REST APIs",
    "contact" : {
      "name" : "ALMaaS Team",
      "url" : "http://itec-almportal.fmr.com",
      "email" : "ALMaaS-Team@fmr.com"
    }
  },
  "basePath" : "/simple-service",
  "tags" : [ {
    "name" : "console",
    "description" : "Retrieve the Console Outputs"
  } ],
  "paths" : {
    "/console/{buildID}" : {
      "get" : {
        "tags" : [ "console" ],
        "summary" : "Get jenkins console outputs",
        "description" : "Get jenkins console outputs",
        "operationId" : "getConsoleOutputs",
        "parameters" : [ {
          "name" : "buildID",
          "in" : "path",
          "description" : "url",
          "required" : true,
          "type" : "string"
        } ],
        "responses" : {
          "200" : {
            "description" : "The test result retrieving succeeded",
            "schema" : {
              "type" : "array",
              "items" : {
                "$ref" : "#/definitions/TestResult"
              }
            }
          },
          "400" : {
            "description" : "The request parameters were invalid",
            "schema" : {
              "$ref" : "#/definitions/APIError"
            }
          },
          "401" : {
            "description" : "Unauthorized or invalid API key",
            "schema" : {
              "$ref" : "#/definitions/APIError"
            }
          }
        }
      }
    }
  },
  "definitions" : {
    "APIError" : {
      "type" : "object",
      "required" : [ "code", "message", "requestId" ],
      "properties" : {
        "requestId" : {
          "type" : "string",
          "description" : "The associated request ID"
        },
        "code" : {
          "type" : "string",
          "description" : "The code of error"
        },
        "message" : {
          "type" : "string",
          "description" : "The message of error"
        },
        "referenceURL" : {
          "type" : "string",
          "description" : "The URL containing additional details explaining the error code"
        }
      }
    },
    "TestResult" : {
      "type" : "object",
      "properties" : {
        "pid" : {
          "type" : "string"
        },
        "specName" : {
          "type" : "string"
        },
        "executionSteps" : {
          "type" : "array",
          "items" : {
            "type" : "string"
          }
        },
        "status" : {
          "type" : "string"
        },
        "executionTime" : {
          "type" : "string"
        }
      }
    }
  }
}