<?xml version="1.0" encoding="UTF-8"?>
<!-- ================================================================================ -->
<!-- -->
<!-- Copyright (c) 2015, 2016 FMRCO All rights reserved -->
<!-- Fidelity Internal Information -->
<!-- -->
<!-- File Name: mvc-servlet.xml -->
<!-- -->
<!-- Author: ALMaaS Team -->
<!-- -->
<!-- Date: 30 Jun 2016 -->
<!-- -->
<!-- Description: -->
<!-- -->
<!-- ================================================================================ -->
<beans xmlns="http://www.springframework.org/schema/beans"
	xmlns:xsi="http://www.w3.org/2001/XMLSchema-instance" xmlns:context="http://www.springframework.org/schema/context"
	xmlns:mvc="http://www.springframework.org/schema/mvc"
	xsi:schemaLocation="http://www.springframework.org/schema/beans   http://www.springframework.org/schema/beans/spring-beans.xsd
                        http://www.springframework.org/schema/context http://www.springframework.org/schema/context/spring-context.xsd
                        http://www.springframework.org/schema/mvc     http://www.springframework.org/schema/mvc/spring-mvc.xsd"
	default-lazy-init="true">

	<context:component-scan base-package="com.fmr.lead" />
	<mvc:annotation-driven>
		<mvc:async-support default-timeout="30000" />
	</mvc:annotation-driven>
	<mvc:cors>
		<mvc:mapping path="/**" />
	</mvc:cors>
	<context:annotation-config />

	<!-- Serve static content -->
	<mvc:default-servlet-handler />

	<import resource="classpath:spring/serviceContext.xml" />
	<bean class="com.mangofactory.swagger.configuration.SpringSwaggerConfig" />
</beans>
